motif_id	motif_alt_id	sequence_name	start	stop	strand	score	p-value	q-value	matched_sequence
TRS_long		MT007544.1	65	75	+	21.3818	3.18e-07	0.0028	TCTAAACGAAC
TRS_long		MT007544.1	26468	26478	+	21.3818	3.18e-07	0.0028	TCTAAACGAAC
TRS_long		MT007544.1	28255	28265	+	21.3818	3.18e-07	0.0028	TCTAAACGAAC
TRS_long		MT007544.1	21551	21561	+	14	2.1e-06	0.0139	ACTAAACGAAC
TRS_long		MT007544.1	27883	27893	+	13.0545	2.97e-06	0.0157	CCTAAACGAAC
TRS_long		MT007544.1	27383	27393	+	9.63636	1.05e-05	0.0462	ATTAAACGAAC
TRS_long		MT007544.1	27483	27493	+	7.49091	1.62e-05	0.0611	TTTAAAAGAAC
TRS_long		MT007544.1	4585	4595	+	6.18182	2.48e-05	0.0818	TCTAAATGAAA
TRS_long		MT007544.1	25138	25148	+	3.25455	6.09e-05	0.169	TTTAAATGAAT
TRS_long		MT007544.1	25380	25390	+	3.03636	6.39e-05	0.169	CATAAACGAAC
TRS_long		MT007544.1	5786	5796	+	0.872727	0.000119	0.277	TCTAAAGAAAC
TRS_long		MT007544.1	8654	8664	+	0.654545	0.000126	0.277	TCTAAACATAC
TRS_long		MT007544.1	4576	4586	+	-0.0181818	0.000148	0.3	ACTTAACGATC
TRS_long		MT007544.1	8068	8078	+	-1.6	0.000211	0.397	TTTTAACGTAC
TRS_short		MT007544.1	70	75	+	11.8727	0.000252	0.838	ACGAAC
TRS_short		MT007544.1	21556	21561	+	11.8727	0.000252	0.838	ACGAAC
TRS_short		MT007544.1	25385	25390	+	11.8727	0.000252	0.838	ACGAAC
TRS_short		MT007544.1	26237	26242	+	11.8727	0.000252	0.838	ACGAAC
TRS_short		MT007544.1	26473	26478	+	11.8727	0.000252	0.838	ACGAAC
TRS_short		MT007544.1	27041	27046	+	11.8727	0.000252	0.838	ACGAAC
TRS_short		MT007544.1	27388	27393	+	11.8727	0.000252	0.838	ACGAAC
TRS_short		MT007544.1	27888	27893	+	11.8727	0.000252	0.838	ACGAAC
TRS_short		MT007544.1	28260	28265	+	11.8727	0.000252	0.838	ACGAAC
TRS_long		MT007544.1	25150	25160	+	-2.76364	0.000275	0.483	TCTCATCGATC
TRS_long		MT007544.1	22720	22730	+	-3.16364	0.000296	0.489	ATTAAATGATC
TRS_long		MT007544.1	7694	7704	+	-4	0.000359	0.505	TTTAAAAGACC
TRS_long		MT007544.1	21441	21451	+	-4.29091	0.000382	0.505	TTTAAAAGAAG
TRS_long		MT007544.1	24490	24500	+	-4.43636	0.000396	0.505	TTTAAATGATA
TRS_long		MT007544.1	4098	4108	+	-4.56364	0.000408	0.505	TCTTAAAGAAA
TRS_long		MT007544.1	28061	28071	+	-4.56364	0.000408	0.505	TTTAATTGAAT
TRS_long		MT007544.1	6010	6020	+	-4.69091	0.000422	0.505	ACCAAACCAAC
TRS_long		MT007544.1	3577	3587	+	-4.90909	0.000445	0.51	TTTAAGCGGAC
TRS_short		MT007544.1	1897	1902	+	5.61818	0.000492	1	ACGATC
TRS_short		MT007544.1	4581	4586	+	5.61818	0.000492	1	ACGATC

# FIMO (Find Individual Motif Occurrences): Version 5.1.1 compiled on Feb 28 2020 at 16:34:02
# The format of this file is described at @SITEURL@/doc/fimo-output-format.html.
# fimo --norc --thresh 5e-4 TRS.meme /home/daniel/wuhan_coronavirus_australia.fasta
